{
  "factors": [
    "cbf",
    "cf",
    "geo",
    "trust"
  ],
  "pairwise": [
    [
      1,
      5,
      3,
      2
    ],
    [
      0.2,
      1,
      0.3333333333333333,
      0.25
    ],
    [
      0.3333333333333333,
      3,
      1,
      1
    ],
    [
      0.5,
      4,
      1,
      1
    ]
  ],
  "weights": {
    "cbf": 0.480098,
    "cf": 0.073615,
    "geo": 0.204182,
    "trust": 0.242105
  },
  "vector": [
    0.480098,
    0.073615,
    0.204182,
    0.242105
  ],
  "consistency_ratio": 0.018929,
  "lambda_max": 4.05111,
  "emergency_vector": [
    0.8,
    0.05,
    0.05,
    0.1
  ],
  "emergency_weights": {
    "cbf": 0.8,
    "cf": 0.05,
    "geo": 0.05,
    "trust": 0.1
  }
}
